<?xml version="1.0" encoding="UTF-8"?>
    <addon id="purespin.kodi.repo" name="PureSpin Kodi Repository" version="0.0.1" provider-name="Leonardo Xiao">
        <requires>
            <import addon="xbmc.addon" version="12.0.0"/>
        </requires>
        <extension point="xbmc.addon.repository" name="PureSpin Kodi Repository">
            <info compressed="false">https://raw.githubusercontent.com/leonardoxiao/purespin-kodi-repo/_repo/addons.xml</info>
            <checksum>https://raw.githubusercontent.com/leonardoxiao/purespin-kodi-repo/_repo/addons.xml.md5</checksum>
            <datadir zip="true">https://raw.githubusercontent.com/leonardoxiao/purespin-kodi-repo/_repo/</datadir>
            <hashes>false</hashes>
        </extension>
        <extension point="xbmc.addon.metadata">
            <summary>PureSpin's repository for Kodi (XBMC)</summary>
            <description>My repository for my own addons</description>
            <platform>all</platform>
    </extension>
</addon>