﻿<?xml version="1.0" encoding="UTF-8" standalone="yes"?>
<addon id="purespin.kodi.repo" name="PureSpin repository" version="0.0.1" provider-name="purespin">
	<extension point="xbmc.addon.repository" name="PureSpin Add-on Repository">
		<info compressed="false">http://raw.github.com/leonardoxiao/purespin-kodi-repo/master/addons.xml</info>
		<checksum>http://raw.github.com/leonardoxiao/purespin-kodi-repo/master/addons.xml.md5</checksum>
		<datadir zip="true">http://raw.github.com/leonardoxiao/purespin-kodi-repo/master/repo/</datadir>
	</extension>
	<extension point="xbmc.addon.metadata">
		<summary>PureSpin Addon</summary>
		<description>PureSpin Addon Description</description>
		<disclaimer></disclaimer>
		<platform>all</platform>
	</extension>
</addon>
